bibliotheque,region_administrative,population_desservie,categorie_bibliotheque,modalites_abonnement,visites_total,prets_total,usagers_inscrits_total,activites_total,depenses_fonctionnement_total,visites_par_habitant,prets_par_habitant,usagers_inscrits_par_habitant,depenses_par_habitant,source_csv_url,access_date
Amqui,01: Bas-Saint-Laurent,6129,Publique relevant directement d'une municipalité ,Gratuite,,32871,1625,,197782.38,,5.363191385217817,0.2651329743840757,32.26992657856094,https://www.donneesquebec.ca/recherche/dataset/231a38a8-f28e-4bef-82ea-dc98a14c1b6f/resource/01183d3e-c79c-4d09-915c-f35ffe4dfda8/download/statistiques_bibliotheques_quebec_2024.csv,2026-07-14
CRSBP du Bas-Saint-Laurent,01: Bas-Saint-Laurent,95410,,,5533,110194,37411,1568,1443886.68,0.05799182475631485,1.1549523110785034,0.3921077455193376,15.133494182999685,https://www.donneesquebec.ca/recherche/dataset/231a38a8-f28e-4bef-82ea-dc98a14c1b6f/resource/01183d3e-c79c-4d09-915c-f35ffe4dfda8/download/statistiques_bibliotheques_quebec_2024.csv,2026-07-14
Matane,01: Bas-Saint-Laurent,16954,Publique relevant directement d'une municipalité ,Gratuite,52306,82167,2380,170,809284.31,3.0851716409106995,4.846466910463607,0.14037985136251033,47.73412233101333,https://www.donneesquebec.ca/recherche/dataset/231a38a8-f28e-4bef-82ea-dc98a14c1b6f/resource/01183d3e-c79c-4d09-915c-f35ffe4dfda8/download/statistiques_bibliotheques_quebec_2024.csv,2026-07-14
Mont-Joli,01: Bas-Saint-Laurent,7402,Publique relevant directement d'une municipalité ,Gratuite,19217,48365,1656,99,508236,2.5961902188597676,6.534044852742502,0.22372331802215617,68.66198324777088,https://www.donneesquebec.ca/recherche/dataset/231a38a8-f28e-4bef-82ea-dc98a14c1b6f/resource/01183d3e-c79c-4d09-915c-f35ffe4dfda8/download/statistiques_bibliotheques_quebec_2024.csv,2026-07-14
Rimouski,01: Bas-Saint-Laurent,53038,Publique relevant directement d'une municipalité ,Gratuite,358940,428569,13050,385,2070031.69,6.7676005882574755,8.080414042761793,0.24605000188544063,39.02921848485991,https://www.donneesquebec.ca/recherche/dataset/231a38a8-f28e-4bef-82ea-dc98a14c1b6f/resource/01183d3e-c79c-4d09-915c-f35ffe4dfda8/download/statistiques_bibliotheques_quebec_2024.csv,2026-07-14
Rivière-du-Loup,01: Bas-Saint-Laurent,20472,Publique relevant directement d'une municipalité ,Gratuite,112570,159184,8197,924,971743.8,5.498729972645565,7.775693630324345,0.40040054708870654,47.46696951934349,https://www.donneesquebec.ca/recherche/dataset/231a38a8-f28e-4bef-82ea-dc98a14c1b6f/resource/01183d3e-c79c-4d09-915c-f35ffe4dfda8/download/statistiques_bibliotheques_quebec_2024.csv,2026-07-14
Alma,02: Saguenay-Lac-Saint-Jean,30649,Publique relevant directement d'une municipalité ,Gratuite,55024,153411,9732,450,1166488.45,1.7952951156644588,5.0054161636595,0.317530751411139,38.05959248262586,https://www.donneesquebec.ca/recherche/dataset/231a38a8-f28e-4bef-82ea-dc98a14c1b6f/resource/01183d3e-c79c-4d09-915c-f35ffe4dfda8/download/statistiques_bibliotheques_quebec_2024.csv,2026-07-14
CRSBP du Saguenay-Lac-Saint-Jean,02: Saguenay-Lac-Saint-Jean,62729,,,43262,104907,10675,900,1155227,0.6896650671938019,1.672384383618422,0.17017647340145706,18.41615520732038,https://www.donneesquebec.ca/recherche/dataset/231a38a8-f28e-4bef-82ea-dc98a14c1b6f/resource/01183d3e-c79c-4d09-915c-f35ffe4dfda8/download/statistiques_bibliotheques_quebec_2024.csv,2026-07-14
Dolbeau-Mistassini,02: Saguenay-Lac-Saint-Jean,13717,Publique relevant directement d'une municipalité ,Gratuite,21752,76923,2245,25,538498.29,1.585769483123132,5.607858861267041,0.16366552453160313,39.25773055332799,https://www.donneesquebec.ca/recherche/dataset/231a38a8-f28e-4bef-82ea-dc98a14c1b6f/resource/01183d3e-c79c-4d09-915c-f35ffe4dfda8/download/statistiques_bibliotheques_quebec_2024.csv,2026-07-14
Roberval,02: Saguenay-Lac-Saint-Jean,9887,Publique relevant directement d'une municipalité ,Gratuite,12548,36480,943,90,599001.4,1.2691412966521696,3.6896935369677353,0.09537776878729645,60.58474764842723,https://www.donneesquebec.ca/recherche/dataset/231a38a8-f28e-4bef-82ea-dc98a14c1b6f/resource/01183d3e-c79c-4d09-915c-f35ffe4dfda8/download/statistiques_bibliotheques_quebec_2024.csv,2026-07-14
Saguenay,02: Saguenay-Lac-Saint-Jean,148886,Publique relevant directement d'une municipalité ,Gratuite,451455,761037,39513,653,6297255.38,3.032219281866663,5.111541716481066,0.26539097027255754,42.29581948604973,https://www.donneesquebec.ca/recherche/dataset/231a38a8-f28e-4bef-82ea-dc98a14c1b6f/resource/01183d3e-c79c-4d09-915c-f35ffe4dfda8/download/statistiques_bibliotheques_quebec_2024.csv,2026-07-14
Saint-Félicien,02: Saguenay-Lac-Saint-Jean,10224,Publique relevant directement d'une municipalité ,Gratuite,14242,43585,1296,60,298979.7,1.392996870109546,4.263008607198748,0.1267605633802817,29.24292840375587,https://www.donneesquebec.ca/recherche/dataset/231a38a8-f28e-4bef-82ea-dc98a14c1b6f/resource/01183d3e-c79c-4d09-915c-f35ffe4dfda8/download/statistiques_bibliotheques_quebec_2024.csv,2026-07-14
Saint-Honoré,02: Saguenay-Lac-Saint-Jean,6740,Publique relevant directement d'une municipalité ,Gratuite,10070,18178,1392,154,141474.89,1.4940652818991098,2.697032640949555,0.20652818991097924,20.990339762611278,https://www.donneesquebec.ca/recherche/dataset/231a38a8-f28e-4bef-82ea-dc98a14c1b6f/resource/01183d3e-c79c-4d09-915c-f35ffe4dfda8/download/statistiques_bibliotheques_quebec_2024.csv,2026-07-14
Baie-Saint-Paul,03: Capitale-Nationale,7600,Publique relevant directement d'une municipalité ,Gratuite,21495,36748,1673,7,274125.13,2.8282894736842104,4.835263157894737,0.22013157894736843,36.06909605263158,https://www.donneesquebec.ca/recherche/dataset/231a38a8-f28e-4bef-82ea-dc98a14c1b6f/resource/01183d3e-c79c-4d09-915c-f35ffe4dfda8/download/statistiques_bibliotheques_quebec_2024.csv,2026-07-14
Donnacona,03: Capitale-Nationale,7653,Publique relevant directement d'une municipalité ,Gratuite,9490,29635,3107,39,219017.26,1.2400365869593624,3.8723376453678298,0.405984581209983,28.618484254540704,https://www.donneesquebec.ca/recherche/dataset/231a38a8-f28e-4bef-82ea-dc98a14c1b6f/resource/01183d3e-c79c-4d09-915c-f35ffe4dfda8/download/statistiques_bibliotheques_quebec_2024.csv,2026-07-14
L'Ancienne-Lorette,03: Capitale-Nationale,17406,Publique relevant directement d'une municipalité ,Gratuite,82466,158266,8121,130,942674.1,4.7377915661266234,9.0926117430771,0.46656325405032745,54.15799724233023,https://www.donneesquebec.ca/recherche/dataset/231a38a8-f28e-4bef-82ea-dc98a14c1b6f/resource/01183d3e-c79c-4d09-915c-f35ffe4dfda8/download/statistiques_bibliotheques_quebec_2024.csv,2026-07-14
La Malbaie,03: Capitale-Nationale,8442,Publique relevant directement d'une municipalité ,Gratuite,50119,54293,2340,231,453213.93,5.936863302534944,6.431295901445155,0.27718550106609807,53.685611229566454,https://www.donneesquebec.ca/recherche/dataset/231a38a8-f28e-4bef-82ea-dc98a14c1b6f/resource/01183d3e-c79c-4d09-915c-f35ffe4dfda8/download/statistiques_bibliotheques_quebec_2024.csv,2026-07-14
Lac-Beauport,03: Capitale-Nationale,8396,Publique relevant directement d'une municipalité ,Gratuite,27620,52454,2278,8,327096.66,3.2896617436874704,6.247498808956646,0.2713196760362077,38.95863030014292,https://www.donneesquebec.ca/recherche/dataset/231a38a8-f28e-4bef-82ea-dc98a14c1b6f/resource/01183d3e-c79c-4d09-915c-f35ffe4dfda8/download/statistiques_bibliotheques_quebec_2024.csv,2026-07-14
Pont-Rouge,03: Capitale-Nationale,10993,Publique relevant directement d'une municipalité ,Gratuite,27268,84428,2026,,324510.57,2.4804875830073683,7.680160101883017,0.18429909942690803,29.519746202128626,https://www.donneesquebec.ca/recherche/dataset/231a38a8-f28e-4bef-82ea-dc98a14c1b6f/resource/01183d3e-c79c-4d09-915c-f35ffe4dfda8/download/statistiques_bibliotheques_quebec_2024.csv,2026-07-14
Québec,03: Capitale-Nationale,583336,Publique relevant directement d'une municipalité ,Gratuite,3912319,3389902,203355,2189,23995138,6.706801911762689,5.811234005787402,0.34860697779667293,41.13433424304346,https://www.donneesquebec.ca/recherche/dataset/231a38a8-f28e-4bef-82ea-dc98a14c1b6f/resource/01183d3e-c79c-4d09-915c-f35ffe4dfda8/download/statistiques_bibliotheques_quebec_2024.csv,2026-07-14
Saint-Augustin-de-Desmaures,03: Capitale-Nationale,20590,Publique relevant directement d'une municipalité ,Gratuite,56353,133258,4710,111,1106577.66,2.736911121903837,6.471976687712481,0.22875182127246235,53.743451189898,https://www.donneesquebec.ca/recherche/dataset/231a38a8-f28e-4bef-82ea-dc98a14c1b6f/resource/01183d3e-c79c-4d09-915c-f35ffe4dfda8/download/statistiques_bibliotheques_quebec_2024.csv,2026-07-14
Saint-Raymond,03: Capitale-Nationale,11547,Publique relevant directement d'une municipalité ,Gratuite,5295,20251,1854,25,94981.69,0.45856066510782023,1.7537888629081146,0.16056118472330475,8.225659478652464,https://www.donneesquebec.ca/recherche/dataset/231a38a8-f28e-4bef-82ea-dc98a14c1b6f/resource/01183d3e-c79c-4d09-915c-f35ffe4dfda8/download/statistiques_bibliotheques_quebec_2024.csv,2026-07-14
Sainte-Brigitte-de-Laval,03: Capitale-Nationale,8781,Publique relevant directement d'une municipalité ,Gratuite,10057,22158,1400,4,128303.22,1.145313745587063,2.5234028015032455,0.1594351440610409,14.611458831568159,https://www.donneesquebec.ca/recherche/dataset/231a38a8-f28e-4bef-82ea-dc98a14c1b6f/resource/01183d3e-c79c-4d09-915c-f35ffe4dfda8/download/statistiques_bibliotheques_quebec_2024.csv,2026-07-14
Sainte-Catherine-de-la-Jacques-Cartier,03: Capitale-Nationale,11860,Publique relevant directement d'une municipalité ,Gratuite,45276,57092,5012,106,354409.4,3.8175379426644183,4.8138279932546375,0.42259696458684654,29.882748735244522,https://www.donneesquebec.ca/recherche/dataset/231a38a8-f28e-4bef-82ea-dc98a14c1b6f/resource/01183d3e-c79c-4d09-915c-f35ffe4dfda8/download/statistiques_bibliotheques_quebec_2024.csv,2026-07-14
Shannon,03: Capitale-Nationale,6903,Publique relevant directement d'une municipalité ,Gratuite,9752,21592,1600,16,251599.82,1.412719107634362,3.12791539910184,0.23178328263074024,36.44789511806461,https://www.donneesquebec.ca/recherche/dataset/231a38a8-f28e-4bef-82ea-dc98a14c1b6f/resource/01183d3e-c79c-4d09-915c-f35ffe4dfda8/download/statistiques_bibliotheques_quebec_2024.csv,2026-07-14
Stoneham-et-Tewkesbury,03: Capitale-Nationale,9947,Publique relevant directement d'une municipalité ,Gratuite,19720,49284,2108,17,193160.01,1.9825072886297377,4.954659696390872,0.2119231929224892,19.418921282798834,https://www.donneesquebec.ca/recherche/dataset/231a38a8-f28e-4bef-82ea-dc98a14c1b6f/resource/01183d3e-c79c-4d09-915c-f35ffe4dfda8/download/statistiques_bibliotheques_quebec_2024.csv,2026-07-14
"CRSBP du Centre-du-Québec, de Lanaudière et de la Mauricie",04: Mauricie,202459,,,257496,614251,33473,2359,3215868,1.2718426940763314,3.033952553356482,0.1653322401078737,15.884045658627178,https://www.donneesquebec.ca/recherche/dataset/231a38a8-f28e-4bef-82ea-dc98a14c1b6f/resource/01183d3e-c79c-4d09-915c-f35ffe4dfda8/download/statistiques_bibliotheques_quebec_2024.csv,2026-07-14
La Tuque,04: Mauricie,11893,Publique relevant directement d'une municipalité ,Gratuite,25170,34433,1366,53,436772.2,2.1163709745228285,2.8952324896998234,0.11485747918943917,36.725149247456486,https://www.donneesquebec.ca/recherche/dataset/231a38a8-f28e-4bef-82ea-dc98a14c1b6f/resource/01183d3e-c79c-4d09-915c-f35ffe4dfda8/download/statistiques_bibliotheques_quebec_2024.csv,2026-07-14
Louiseville,04: Mauricie,7565,Publique relevant directement d'une municipalité ,Gratuite,12841,22782,666,36,204777.58,1.6974223397224057,3.0115003304692665,0.08803701255783213,27.06907865168539,https://www.donneesquebec.ca/recherche/dataset/231a38a8-f28e-4bef-82ea-dc98a14c1b6f/resource/01183d3e-c79c-4d09-915c-f35ffe4dfda8/download/statistiques_bibliotheques_quebec_2024.csv,2026-07-14
Notre-Dame-du-Mont-Carmel,04: Mauricie,6400,Publique relevant directement d'une municipalité ,Gratuite,21625,57605,2267,77,340305,3.37890625,9.00078125,0.35421875,53.17265625,https://www.donneesquebec.ca/recherche/dataset/231a38a8-f28e-4bef-82ea-dc98a14c1b6f/resource/01183d3e-c79c-4d09-915c-f35ffe4dfda8/download/statistiques_bibliotheques_quebec_2024.csv,2026-07-14
Shawinigan,04: Mauricie,51149,Publique relevant directement d'une municipalité ,Gratuite,102102,197886,6841,375,1719490.26,1.99616805802655,3.8688146395823964,0.13374650530802165,33.61728010322783,https://www.donneesquebec.ca/recherche/dataset/231a38a8-f28e-4bef-82ea-dc98a14c1b6f/resource/01183d3e-c79c-4d09-915c-f35ffe4dfda8/download/statistiques_bibliotheques_quebec_2024.csv,2026-07-14
Trois-Rivières,04: Mauricie,144472,Publique relevant directement d'une municipalité ,Gratuite,1300000,1011769,46855,1658,6657450.8,8.9982834043967,7.003218616756188,0.3243188991638518,46.08125311479041,https://www.donneesquebec.ca/recherche/dataset/231a38a8-f28e-4bef-82ea-dc98a14c1b6f/resource/01183d3e-c79c-4d09-915c-f35ffe4dfda8/download/statistiques_bibliotheques_quebec_2024.csv,2026-07-14
CRSBP de l'Estrie,05: Estrie,69757,,,,155721,10570,,1023843.4,,2.232335106154221,0.15152601172642172,14.677285433719915,https://www.donneesquebec.ca/recherche/dataset/231a38a8-f28e-4bef-82ea-dc98a14c1b6f/resource/01183d3e-c79c-4d09-915c-f35ffe4dfda8/download/statistiques_bibliotheques_quebec_2024.csv,2026-07-14
Coaticook,05: Estrie,8893,Publique relevant d'une corporation distincte de la municipalité,Gratuite,21685,38181,2228,261,368370.84,2.4384347239401776,4.293376813223884,0.2505341279658158,41.42256156527606,https://www.donneesquebec.ca/recherche/dataset/231a38a8-f28e-4bef-82ea-dc98a14c1b6f/resource/01183d3e-c79c-4d09-915c-f35ffe4dfda8/download/statistiques_bibliotheques_quebec_2024.csv,2026-07-14
Lac-Mégantic,05: Estrie,6002,Publique relevant d'une corporation distincte de la municipalité,Gratuite,71348,47846,2901,65,473987,11.887370876374542,7.971676107964012,0.4833388870376541,78.97150949683439,https://www.donneesquebec.ca/recherche/dataset/231a38a8-f28e-4bef-82ea-dc98a14c1b6f/resource/01183d3e-c79c-4d09-915c-f35ffe4dfda8/download/statistiques_bibliotheques_quebec_2024.csv,2026-07-14
Magog,05: Estrie,28790,Publique relevant directement d'une municipalité ,Gratuite,387148,230962,9225,365,1618240,13.447308093087878,8.022299409517194,0.3204237582493922,56.20840569642237,https://www.donneesquebec.ca/recherche/dataset/231a38a8-f28e-4bef-82ea-dc98a14c1b6f/resource/01183d3e-c79c-4d09-915c-f35ffe4dfda8/download/statistiques_bibliotheques_quebec_2024.csv,2026-07-14
Sherbrooke,05: Estrie,181360,Publique relevant directement d'une municipalité ,Gratuite,569931,962332,41484,916,5842582.62,3.1425397000441113,5.306197617997353,0.22873842082046758,32.21538718570798,https://www.donneesquebec.ca/recherche/dataset/231a38a8-f28e-4bef-82ea-dc98a14c1b6f/resource/01183d3e-c79c-4d09-915c-f35ffe4dfda8/download/statistiques_bibliotheques_quebec_2024.csv,2026-07-14
Val-des-Sources,05: Estrie,7285,Publique relevant directement d'une municipalité ,Gratuite,,33871,1722,31,265915.55,,4.649416609471517,0.2363761153054221,36.50179135209334,https://www.donneesquebec.ca/recherche/dataset/231a38a8-f28e-4bef-82ea-dc98a14c1b6f/resource/01183d3e-c79c-4d09-915c-f35ffe4dfda8/download/statistiques_bibliotheques_quebec_2024.csv,2026-07-14
Windsor,05: Estrie,9704,Publique relevant directement d'une municipalité ,Gratuite,,127634,2722,33,434079,,13.152720527617477,0.28050288540807916,44.73196619950536,https://www.donneesquebec.ca/recherche/dataset/231a38a8-f28e-4bef-82ea-dc98a14c1b6f/resource/01183d3e-c79c-4d09-915c-f35ffe4dfda8/download/statistiques_bibliotheques_quebec_2024.csv,2026-07-14
Baie-D'Urfé,06: Montréal,3710,Publique relevant d'une corporation distincte de la municipalité,Gratuite,18025,11666,1843,38,170199,4.8584905660377355,3.1444743935309973,0.4967654986522911,45.875741239892186,https://www.donneesquebec.ca/recherche/dataset/231a38a8-f28e-4bef-82ea-dc98a14c1b6f/resource/01183d3e-c79c-4d09-915c-f35ffe4dfda8/download/statistiques_bibliotheques_quebec_2024.csv,2026-07-14
Beaconsfield,06: Montréal,19290,Publique relevant directement d'une municipalité ,Gratuite,491490,191843,5213,275,1525385.55,25.47900466562986,9.945204769310523,0.2702436495593572,79.0764930015552,https://www.donneesquebec.ca/recherche/dataset/231a38a8-f28e-4bef-82ea-dc98a14c1b6f/resource/01183d3e-c79c-4d09-915c-f35ffe4dfda8/download/statistiques_bibliotheques_quebec_2024.csv,2026-07-14
Côte-Saint-Luc,06: Montréal,37833,Publique relevant directement d'une municipalité ,Gratuite,322456,257599,9454,441,3879090.77,8.523141173049982,6.808844130785293,0.24988766420849523,102.53193693336505,https://www.donneesquebec.ca/recherche/dataset/231a38a8-f28e-4bef-82ea-dc98a14c1b6f/resource/01183d3e-c79c-4d09-915c-f35ffe4dfda8/download/statistiques_bibliotheques_quebec_2024.csv,2026-07-14
Dollard-des-Ormeaux,06: Montréal,50171,Publique relevant directement d'une municipalité ,Gratuite,319271,289170,11164,519,4097761.39,6.363656295469494,5.763688186402503,0.222518985071057,81.67589623487673,https://www.donneesquebec.ca/recherche/dataset/231a38a8-f28e-4bef-82ea-dc98a14c1b6f/resource/01183d3e-c79c-4d09-915c-f35ffe4dfda8/download/statistiques_bibliotheques_quebec_2024.csv,2026-07-14
Dorval,06: Montréal,20382,Publique relevant directement d'une municipalité ,Gratuite,482188,159041,8836,264,2426242.45,23.65754096752036,7.8030124619762535,0.4335197723481503,119.03848739083506,https://www.donneesquebec.ca/recherche/dataset/231a38a8-f28e-4bef-82ea-dc98a14c1b6f/resource/01183d3e-c79c-4d09-915c-f35ffe4dfda8/download/statistiques_bibliotheques_quebec_2024.csv,2026-07-14
Kirkland,06: Montréal,38854,Publique relevant directement d'une municipalité ,Gratuite,131659,192058,7317,998,2299206.18,3.38855716271169,4.943068924692438,0.18832037885417202,59.175533535800696,https://www.donneesquebec.ca/recherche/dataset/231a38a8-f28e-4bef-82ea-dc98a14c1b6f/resource/01183d3e-c79c-4d09-915c-f35ffe4dfda8/download/statistiques_bibliotheques_quebec_2024.csv,2026-07-14
Mont-Royal,06: Montréal,21775,Publique relevant directement d'une municipalité ,Gratuite,234866,317223,7537,280,4439678.93,10.786039035591275,14.568220436280138,0.3461308840413318,203.88881423650975,https://www.donneesquebec.ca/recherche/dataset/231a38a8-f28e-4bef-82ea-dc98a14c1b6f/resource/01183d3e-c79c-4d09-915c-f35ffe4dfda8/download/statistiques_bibliotheques_quebec_2024.csv,2026-07-14
Montréal,06: Montréal,1895211,Publique relevant directement d'une municipalité ,Gratuite,15064298,10830870,437258,29464,131577298,7.948612581923596,5.714862355695487,0.23071731854658928,69.42620003788497,https://www.donneesquebec.ca/recherche/dataset/231a38a8-f28e-4bef-82ea-dc98a14c1b6f/resource/01183d3e-c79c-4d09-915c-f35ffe4dfda8/download/statistiques_bibliotheques_quebec_2024.csv,2026-07-14
Montréal-Est,06: Montréal,4808,Publique relevant directement d'une municipalité ,Gratuite,,26797,1204,140,634049.15,,5.5734193011647255,0.2504159733777038,131.87378327787022,https://www.donneesquebec.ca/recherche/dataset/231a38a8-f28e-4bef-82ea-dc98a14c1b6f/resource/01183d3e-c79c-4d09-915c-f35ffe4dfda8/download/statistiques_bibliotheques_quebec_2024.csv,2026-07-14
Montréal-Ouest,06: Montréal,5250,Publique relevant d'une corporation distincte de la municipalité,Gratuite,25011,27941,1954,481,313496.65,4.764,5.322095238095238,0.3721904761904762,59.71364761904762,https://www.donneesquebec.ca/recherche/dataset/231a38a8-f28e-4bef-82ea-dc98a14c1b6f/resource/01183d3e-c79c-4d09-915c-f35ffe4dfda8/download/statistiques_bibliotheques_quebec_2024.csv,2026-07-14
Pointe-Claire,06: Montréal,35429,Publique relevant directement d'une municipalité ,Gratuite,188423,395301,18948,1883,3948998,5.318326794433938,11.157554545711141,0.5348161110954303,111.46230489147308,https://www.donneesquebec.ca/recherche/dataset/231a38a8-f28e-4bef-82ea-dc98a14c1b6f/resource/01183d3e-c79c-4d09-915c-f35ffe4dfda8/download/statistiques_bibliotheques_quebec_2024.csv,2026-07-14
Sainte-Anne-de-Bellevue,06: Montréal,6396,Publique relevant directement d'une municipalité ,Gratuite,20487,23318,1557,82,392759.19,3.2030956848030017,3.645716072545341,0.24343339587242027,61.40700281425891,https://www.donneesquebec.ca/recherche/dataset/231a38a8-f28e-4bef-82ea-dc98a14c1b6f/resource/01183d3e-c79c-4d09-915c-f35ffe4dfda8/download/statistiques_bibliotheques_quebec_2024.csv,2026-07-14
Westmount,06: Montréal,20093,Publique relevant directement d'une municipalité ,Gratuite,860679,270746,7905,668,3666226,42.834768327278155,13.474642910466331,0.39342059423679887,182.46284775792566,https://www.donneesquebec.ca/recherche/dataset/231a38a8-f28e-4bef-82ea-dc98a14c1b6f/resource/01183d3e-c79c-4d09-915c-f35ffe4dfda8/download/statistiques_bibliotheques_quebec_2024.csv,2026-07-14
CRSBP de l'Outaouais inc.,07: Outaouais,55229,,,77709,137622,13216,2089,1100934,1.407032537253979,2.4918430534682865,0.23929457350305094,19.93398395770338,https://www.donneesquebec.ca/recherche/dataset/231a38a8-f28e-4bef-82ea-dc98a14c1b6f/resource/01183d3e-c79c-4d09-915c-f35ffe4dfda8/download/statistiques_bibliotheques_quebec_2024.csv,2026-07-14
Cantley,07: Outaouais,12001,Publique relevant directement d'une municipalité ,Gratuite,22677,42702,2758,25,291301.36,1.8895925339555038,3.5582034830430795,0.22981418215148738,24.27309057578535,https://www.donneesquebec.ca/recherche/dataset/231a38a8-f28e-4bef-82ea-dc98a14c1b6f/resource/01183d3e-c79c-4d09-915c-f35ffe4dfda8/download/statistiques_bibliotheques_quebec_2024.csv,2026-07-14
Chelsea,07: Outaouais,8825,Publique relevant directement d'une municipalité ,Gratuite,19916,75392,6777,82,317198.1,2.256770538243626,8.54300283286119,0.7679320113314447,35.94312747875354,https://www.donneesquebec.ca/recherche/dataset/231a38a8-f28e-4bef-82ea-dc98a14c1b6f/resource/01183d3e-c79c-4d09-915c-f35ffe4dfda8/download/statistiques_bibliotheques_quebec_2024.csv,2026-07-14
Gatineau,07: Outaouais,304787,Publique relevant directement d'une municipalité ,Gratuite,2458003,1711650,92657,2765,13539458.61,8.064658269545617,5.615889129129523,0.3040057482766653,44.42269063313068,https://www.donneesquebec.ca/recherche/dataset/231a38a8-f28e-4bef-82ea-dc98a14c1b6f/resource/01183d3e-c79c-4d09-915c-f35ffe4dfda8/download/statistiques_bibliotheques_quebec_2024.csv,2026-07-14
La Pêche,07: Outaouais,9100,Publique relevant directement d'une municipalité ,Gratuite,10934,22734,3770,41,127974.85,1.2015384615384614,2.4982417582417584,0.4142857142857143,14.06317032967033,https://www.donneesquebec.ca/recherche/dataset/231a38a8-f28e-4bef-82ea-dc98a14c1b6f/resource/01183d3e-c79c-4d09-915c-f35ffe4dfda8/download/statistiques_bibliotheques_quebec_2024.csv,2026-07-14
Val-des-Monts,07: Outaouais,14037,Publique relevant directement d'une municipalité ,Gratuite,22508,32651,1753,53,681414.35,1.6034765263232884,2.3260668233953123,0.12488423452304623,48.54415829593218,https://www.donneesquebec.ca/recherche/dataset/231a38a8-f28e-4bef-82ea-dc98a14c1b6f/resource/01183d3e-c79c-4d09-915c-f35ffe4dfda8/download/statistiques_bibliotheques_quebec_2024.csv,2026-07-14
Amos,08: Abitibi-Témiscamingue,12757,Publique relevant directement d'une municipalité ,Gratuite,43747,62520,3962,241,777472,3.4292545269263934,4.900838755193227,0.3105745865015286,60.94473622324998,https://www.donneesquebec.ca/recherche/dataset/231a38a8-f28e-4bef-82ea-dc98a14c1b6f/resource/01183d3e-c79c-4d09-915c-f35ffe4dfda8/download/statistiques_bibliotheques_quebec_2024.csv,2026-07-14
CRSBP de l'Abitibi-Témiscamingue-Nord-du-Québec,08: Abitibi-Témiscamingue,46182,,,77900,117195,8390,1049,985639.8,1.6868043826599108,2.537677017019618,0.18167251310034213,21.342510068857997,https://www.donneesquebec.ca/recherche/dataset/231a38a8-f28e-4bef-82ea-dc98a14c1b6f/resource/01183d3e-c79c-4d09-915c-f35ffe4dfda8/download/statistiques_bibliotheques_quebec_2024.csv,2026-07-14
La Sarre,08: Abitibi-Témiscamingue,7188,Publique relevant directement d'une municipalité ,Gratuite,116289,53625,1305,34,253207.96,16.178213689482472,7.460350584307179,0.1815525876460768,35.22648302726767,https://www.donneesquebec.ca/recherche/dataset/231a38a8-f28e-4bef-82ea-dc98a14c1b6f/resource/01183d3e-c79c-4d09-915c-f35ffe4dfda8/download/statistiques_bibliotheques_quebec_2024.csv,2026-07-14
Rouyn-Noranda,08: Abitibi-Témiscamingue,42827,Publique relevant directement d'une municipalité ,Gratuite,196997,140366,9384,605,782761.2,4.5998318817568355,3.2775118500011673,0.21911411025754782,18.277283022392414,https://www.donneesquebec.ca/recherche/dataset/231a38a8-f28e-4bef-82ea-dc98a14c1b6f/resource/01183d3e-c79c-4d09-915c-f35ffe4dfda8/download/statistiques_bibliotheques_quebec_2024.csv,2026-07-14
Val-d'Or,08: Abitibi-Témiscamingue,32978,Publique relevant directement d'une municipalité ,Gratuite,186939,156468,5920,167,1958272,5.6685972466492816,4.744617623870459,0.1795136151373643,59.381163199708894,https://www.donneesquebec.ca/recherche/dataset/231a38a8-f28e-4bef-82ea-dc98a14c1b6f/resource/01183d3e-c79c-4d09-915c-f35ffe4dfda8/download/statistiques_bibliotheques_quebec_2024.csv,2026-07-14
Baie-Comeau,09: Côte-Nord,20684,Publique relevant directement d'une municipalité ,Gratuite,89486,117044,4307,237,920020.64,4.326339199381164,5.65867337072133,0.20822858247921097,44.47982208470315,https://www.donneesquebec.ca/recherche/dataset/231a38a8-f28e-4bef-82ea-dc98a14c1b6f/resource/01183d3e-c79c-4d09-915c-f35ffe4dfda8/download/statistiques_bibliotheques_quebec_2024.csv,2026-07-14
CRSBP de la Côte-Nord inc,09: Côte-Nord,25761,,,62253,31593,5264,462,735537,2.4165599161523232,1.2263887271456853,0.20433989363766936,28.552346570397113,https://www.donneesquebec.ca/recherche/dataset/231a38a8-f28e-4bef-82ea-dc98a14c1b6f/resource/01183d3e-c79c-4d09-915c-f35ffe4dfda8/download/statistiques_bibliotheques_quebec_2024.csv,2026-07-14
Fermont,09: Côte-Nord,2181,Publique relevant directement d'une municipalité ,Gratuite,3658,8717,1040,59,423470.8,1.6772122879413114,3.9967904630903255,0.4768454837230628,194.16359468133882,https://www.donneesquebec.ca/recherche/dataset/231a38a8-f28e-4bef-82ea-dc98a14c1b6f/resource/01183d3e-c79c-4d09-915c-f35ffe4dfda8/download/statistiques_bibliotheques_quebec_2024.csv,2026-07-14
Port-Cartier,09: Côte-Nord,6545,Publique relevant directement d'une municipalité ,Gratuite,8089,34390,1384,54,318407,1.2359052711993888,5.254392666157372,0.21145912910618794,48.6488922841864,https://www.donneesquebec.ca/recherche/dataset/231a38a8-f28e-4bef-82ea-dc98a14c1b6f/resource/01183d3e-c79c-4d09-915c-f35ffe4dfda8/download/statistiques_bibliotheques_quebec_2024.csv,2026-07-14
Sept-Îles,09: Côte-Nord,24591,Publique relevant directement d'une municipalité ,Gratuite,50027,88475,3322,302,1844826.89,2.0343621650197226,3.5978610060591274,0.1350900736041641,75.02040949941035,https://www.donneesquebec.ca/recherche/dataset/231a38a8-f28e-4bef-82ea-dc98a14c1b6f/resource/01183d3e-c79c-4d09-915c-f35ffe4dfda8/download/statistiques_bibliotheques_quebec_2024.csv,2026-07-14
Chibougamau,10: Nord-du-Québec,7321,Publique relevant directement d'une municipalité ,Gratuite,10985,17241,1429,11,397619.89,1.5004780767654693,2.35500614670127,0.1951919136729955,54.3122373992624,https://www.donneesquebec.ca/recherche/dataset/231a38a8-f28e-4bef-82ea-dc98a14c1b6f/resource/01183d3e-c79c-4d09-915c-f35ffe4dfda8/download/statistiques_bibliotheques_quebec_2024.csv,2026-07-14
Chandler,11: Gaspésie-Iles-de-la-Madeleine,7419,Publique relevant directement d'une municipalité ,Gratuite,,5526,318,,33618.69,,0.7448443186413263,0.04286291953093409,4.531431459765467,https://www.donneesquebec.ca/recherche/dataset/231a38a8-f28e-4bef-82ea-dc98a14c1b6f/resource/01183d3e-c79c-4d09-915c-f35ffe4dfda8/download/statistiques_bibliotheques_quebec_2024.csv,2026-07-14
CRSBP de la Gaspésie et des Îles-de-la-Madeleine,11: Gaspésie-Îles-de-la-Madeleine,57106,,,,116049,6529,646,1000370,,2.0321682485202954,0.11433124365215563,17.517773964206913,https://www.donneesquebec.ca/recherche/dataset/231a38a8-f28e-4bef-82ea-dc98a14c1b6f/resource/01183d3e-c79c-4d09-915c-f35ffe4dfda8/download/statistiques_bibliotheques_quebec_2024.csv,2026-07-14
Les Îles-de-la-Madeleine,11: Gaspésie-Îles-de-la-Madeleine,12428,Publique relevant directement d'une municipalité ,Gratuite,10544,23718,2583,131,398558.57,0.8484068233022208,1.908432571612488,0.20783714193756034,32.06940537495977,https://www.donneesquebec.ca/recherche/dataset/231a38a8-f28e-4bef-82ea-dc98a14c1b6f/resource/01183d3e-c79c-4d09-915c-f35ffe4dfda8/download/statistiques_bibliotheques_quebec_2024.csv,2026-07-14
Sainte-Anne-des-Monts,11: Gaspésie-Îles-de-la-Madeleine,6090,Publique relevant directement d'une municipalité ,Gratuite,34164,36246,838,42,354878.19,5.609852216748768,5.951724137931034,0.13760262725779968,58.27228078817734,https://www.donneesquebec.ca/recherche/dataset/231a38a8-f28e-4bef-82ea-dc98a14c1b6f/resource/01183d3e-c79c-4d09-915c-f35ffe4dfda8/download/statistiques_bibliotheques_quebec_2024.csv,2026-07-14
Saint-Lambert-de-Lauzon,12 : Chaudière-Appalaches,6955,Publique relevant directement d'une municipalité ,Gratuite,6096,30876,809,14,244894.28,0.8764917325664989,4.439396117900791,0.11631919482386772,35.21125521207764,https://www.donneesquebec.ca/recherche/dataset/231a38a8-f28e-4bef-82ea-dc98a14c1b6f/resource/01183d3e-c79c-4d09-915c-f35ffe4dfda8/download/statistiques_bibliotheques_quebec_2024.csv,2026-07-14
Beauceville,12: Chaudière-Appalaches,6285,Publique relevant directement d'une municipalité ,Gratuite,3200,25662,828,29,194679.83,0.5091487669053302,4.083054892601432,0.13174224343675417,30.97531105807478,https://www.donneesquebec.ca/recherche/dataset/231a38a8-f28e-4bef-82ea-dc98a14c1b6f/resource/01183d3e-c79c-4d09-915c-f35ffe4dfda8/download/statistiques_bibliotheques_quebec_2024.csv,2026-07-14
CRSBP de la Capitale-Nationale et de la Chaudière-Appalaches,12: Chaudière-Appalaches,193724,,,113337,541736,30526,1702,2337743,0.5850436703764118,2.7964320373314613,0.15757469389440648,12.067389688422704,https://www.donneesquebec.ca/recherche/dataset/231a38a8-f28e-4bef-82ea-dc98a14c1b6f/resource/01183d3e-c79c-4d09-915c-f35ffe4dfda8/download/statistiques_bibliotheques_quebec_2024.csv,2026-07-14
Lévis,12: Chaudière-Appalaches,156225,Publique relevant directement d'une municipalité ,Gratuite,800058,969948,38125,402,6131727,5.1211905904944794,6.208660585693711,0.24403904624739958,39.24933269323092,https://www.donneesquebec.ca/recherche/dataset/231a38a8-f28e-4bef-82ea-dc98a14c1b6f/resource/01183d3e-c79c-4d09-915c-f35ffe4dfda8/download/statistiques_bibliotheques_quebec_2024.csv,2026-07-14
Montmagny,12: Chaudière-Appalaches,10952,Publique relevant d'une corporation distincte de la municipalité,Gratuite,33901,47073,2461,125,348450.07,3.0954163623082542,4.298119065010957,0.22470781592403213,31.81611303871439,https://www.donneesquebec.ca/recherche/dataset/231a38a8-f28e-4bef-82ea-dc98a14c1b6f/resource/01183d3e-c79c-4d09-915c-f35ffe4dfda8/download/statistiques_bibliotheques_quebec_2024.csv,2026-07-14
Saint-Apollinaire,12: Chaudière-Appalaches,8689,Publique relevant directement d'une municipalité ,Gratuite,2879,34351,1899,23,258493.76,0.3313384739325584,3.953389342847278,0.2185521924272068,29.749540798711013,https://www.donneesquebec.ca/recherche/dataset/231a38a8-f28e-4bef-82ea-dc98a14c1b6f/resource/01183d3e-c79c-4d09-915c-f35ffe4dfda8/download/statistiques_bibliotheques_quebec_2024.csv,2026-07-14
Saint-Georges,12: Chaudière-Appalaches,33546,Publique relevant directement d'une municipalité ,Gratuite,89809,189606,5207,99,1283705,2.6771895307935374,5.65211947773207,0.1552196983246885,38.26700649853932,https://www.donneesquebec.ca/recherche/dataset/231a38a8-f28e-4bef-82ea-dc98a14c1b6f/resource/01183d3e-c79c-4d09-915c-f35ffe4dfda8/download/statistiques_bibliotheques_quebec_2024.csv,2026-07-14
Saint-Henri,12: Chaudière-Appalaches,6009,Publique relevant directement d'une municipalité ,Gratuite,2180,31888,1586,17,167050.17,0.36278914960891995,5.306706606756532,0.26393742719254454,27.799995007488768,https://www.donneesquebec.ca/recherche/dataset/231a38a8-f28e-4bef-82ea-dc98a14c1b6f/resource/01183d3e-c79c-4d09-915c-f35ffe4dfda8/download/statistiques_bibliotheques_quebec_2024.csv,2026-07-14
Sainte-Marie,12: Chaudière-Appalaches,13374,Publique relevant directement d'une municipalité ,Gratuite,,82350,5632,36,376491.25,,6.157469717362046,0.42111559742784505,28.15098325108419,https://www.donneesquebec.ca/recherche/dataset/231a38a8-f28e-4bef-82ea-dc98a14c1b6f/resource/01183d3e-c79c-4d09-915c-f35ffe4dfda8/download/statistiques_bibliotheques_quebec_2024.csv,2026-07-14
Thetford Mines,12: Chaudière-Appalaches,30261,Publique relevant directement d'une municipalité ,Gratuite,,133244,4281,582,875785,,4.403159181785136,0.14146921780509567,28.941046231122566,https://www.donneesquebec.ca/recherche/dataset/231a38a8-f28e-4bef-82ea-dc98a14c1b6f/resource/01183d3e-c79c-4d09-915c-f35ffe4dfda8/download/statistiques_bibliotheques_quebec_2024.csv,2026-07-14
Laval,13: Laval,450629,Publique relevant directement d'une municipalité ,Gratuite,3239199,2557329,59964,2159,20375191.31,7.188172532171698,5.675020915209629,0.13306733476984392,45.21500238555441,https://www.donneesquebec.ca/recherche/dataset/231a38a8-f28e-4bef-82ea-dc98a14c1b6f/resource/01183d3e-c79c-4d09-915c-f35ffe4dfda8/download/statistiques_bibliotheques_quebec_2024.csv,2026-07-14
Charlemagne,14: Lanaudière,6495,Publique relevant directement d'une municipalité ,Gratuite,16663,22779,1566,86,373831.76,2.565511932255581,3.50715935334873,0.24110854503464202,57.55685296381832,https://www.donneesquebec.ca/recherche/dataset/231a38a8-f28e-4bef-82ea-dc98a14c1b6f/resource/01183d3e-c79c-4d09-915c-f35ffe4dfda8/download/statistiques_bibliotheques_quebec_2024.csv,2026-07-14
Chertsey,14: Lanaudière,5478,Publique relevant directement d'une municipalité ,Gratuite,27937,24900,1288,28,227648.81,5.099853961299744,4.545454545454546,0.23512230741146403,41.55692040890836,https://www.donneesquebec.ca/recherche/dataset/231a38a8-f28e-4bef-82ea-dc98a14c1b6f/resource/01183d3e-c79c-4d09-915c-f35ffe4dfda8/download/statistiques_bibliotheques_quebec_2024.csv,2026-07-14
Joliette,14: Lanaudière,38097,Publique relevant d'une corporation distincte de la municipalité,Gratuite,1095862,252337,11418,695,1857857,28.76504711657086,6.623539911279103,0.2997086384754705,48.76649079980051,https://www.donneesquebec.ca/recherche/dataset/231a38a8-f28e-4bef-82ea-dc98a14c1b6f/resource/01183d3e-c79c-4d09-915c-f35ffe4dfda8/download/statistiques_bibliotheques_quebec_2024.csv,2026-07-14
L'Assomption,14: Lanaudière,24502,Publique relevant directement d'une municipalité ,Gratuite,115097,143741,5620,634,1692627.63,4.697453269120888,5.866500693820913,0.22936903109950207,69.08120275895845,https://www.donneesquebec.ca/recherche/dataset/231a38a8-f28e-4bef-82ea-dc98a14c1b6f/resource/01183d3e-c79c-4d09-915c-f35ffe4dfda8/download/statistiques_bibliotheques_quebec_2024.csv,2026-07-14
L'Épiphanie,14: Lanaudière,9090,Publique relevant directement d'une municipalité ,Gratuite,17617,23808,1708,82,252078.87,1.9380638063806381,2.619141914191419,0.1878987898789879,27.731448844884486,https://www.donneesquebec.ca/recherche/dataset/231a38a8-f28e-4bef-82ea-dc98a14c1b6f/resource/01183d3e-c79c-4d09-915c-f35ffe4dfda8/download/statistiques_bibliotheques_quebec_2024.csv,2026-07-14
Lavaltrie,14: Lanaudière,15807,Publique relevant directement d'une municipalité ,Gratuite,8620,74597,7384,312,550560,0.5453280192319858,4.719238312140191,0.46713481369013726,34.8301385462137,https://www.donneesquebec.ca/recherche/dataset/231a38a8-f28e-4bef-82ea-dc98a14c1b6f/resource/01183d3e-c79c-4d09-915c-f35ffe4dfda8/download/statistiques_bibliotheques_quebec_2024.csv,2026-07-14
Mascouche,14: Lanaudière,54540,Publique relevant directement d'une municipalité ,Gratuite,125463,320393,14563,160,2126165.71,2.3003850385038502,5.874459112577925,0.267015034836817,38.98360304363769,https://www.donneesquebec.ca/recherche/dataset/231a38a8-f28e-4bef-82ea-dc98a14c1b6f/resource/01183d3e-c79c-4d09-915c-f35ffe4dfda8/download/statistiques_bibliotheques_quebec_2024.csv,2026-07-14
Notre-Dame-des-Prairies,14: Lanaudière,9528,Publique relevant d'une corporation distincte de la municipalité,Gratuite,44621,61607,2863,42,546203,4.683144416456759,6.465890008396306,0.3004827875734677,57.32609151973132,https://www.donneesquebec.ca/recherche/dataset/231a38a8-f28e-4bef-82ea-dc98a14c1b6f/resource/01183d3e-c79c-4d09-915c-f35ffe4dfda8/download/statistiques_bibliotheques_quebec_2024.csv,2026-07-14
Rawdon,14: Lanaudière,12234,Publique relevant directement d'une municipalité ,Gratuite,27268,56999,2222,105,494316.1,2.2288703612882133,4.6590649010953085,0.1816249795651463,40.40510871342161,https://www.donneesquebec.ca/recherche/dataset/231a38a8-f28e-4bef-82ea-dc98a14c1b6f/resource/01183d3e-c79c-4d09-915c-f35ffe4dfda8/download/statistiques_bibliotheques_quebec_2024.csv,2026-07-14
Repentigny,14: Lanaudière,87980,Publique relevant directement d'une municipalité ,Gratuite,487258,472828,38250,944,4315150.87,5.538281427597181,5.374266878836099,0.4347578995226188,49.046952375539895,https://www.donneesquebec.ca/recherche/dataset/231a38a8-f28e-4bef-82ea-dc98a14c1b6f/resource/01183d3e-c79c-4d09-915c-f35ffe4dfda8/download/statistiques_bibliotheques_quebec_2024.csv,2026-07-14
Saint-Calixte,14: Lanaudière,7194,Publique relevant directement d'une municipalité ,Gratuite,12975,38074,1298,32,345495.8,1.8035863219349457,5.292465943842091,0.18042813455657492,48.02554906866833,https://www.donneesquebec.ca/recherche/dataset/231a38a8-f28e-4bef-82ea-dc98a14c1b6f/resource/01183d3e-c79c-4d09-915c-f35ffe4dfda8/download/statistiques_bibliotheques_quebec_2024.csv,2026-07-14
Saint-Félix-de-Valois,14: Lanaudière,7308,Publique relevant directement d'une municipalité ,Gratuite,24260,35488,2900,18,270843.53,3.3196496989600437,4.856048166392994,0.3968253968253968,37.061238368910786,https://www.donneesquebec.ca/recherche/dataset/231a38a8-f28e-4bef-82ea-dc98a14c1b6f/resource/01183d3e-c79c-4d09-915c-f35ffe4dfda8/download/statistiques_bibliotheques_quebec_2024.csv,2026-07-14
Saint-Jacques,14: Lanaudière,4618,Publique relevant directement d'une municipalité ,Gratuite,11713,19399,1080,29,225697.8,2.536379385015158,4.20073624945864,0.2338674750974448,48.873495019488956,https://www.donneesquebec.ca/recherche/dataset/231a38a8-f28e-4bef-82ea-dc98a14c1b6f/resource/01183d3e-c79c-4d09-915c-f35ffe4dfda8/download/statistiques_bibliotheques_quebec_2024.csv,2026-07-14
Saint-Lin-Laurentides,14: Lanaudière,25908,Publique relevant directement d'une municipalité ,Gratuite,35868,78288,5262,69,472464.34,1.3844372394627142,3.0217693376563224,0.20310328855951829,18.236233595800527,https://www.donneesquebec.ca/recherche/dataset/231a38a8-f28e-4bef-82ea-dc98a14c1b6f/resource/01183d3e-c79c-4d09-915c-f35ffe4dfda8/download/statistiques_bibliotheques_quebec_2024.csv,2026-07-14
Saint-Paul,14: Lanaudière,6956,Publique relevant directement d'une municipalité ,Gratuite,6372,25811,1378,28,273598,0.9160437032777459,3.7106095457159287,0.19810235767682577,39.332662449683724,https://www.donneesquebec.ca/recherche/dataset/231a38a8-f28e-4bef-82ea-dc98a14c1b6f/resource/01183d3e-c79c-4d09-915c-f35ffe4dfda8/download/statistiques_bibliotheques_quebec_2024.csv,2026-07-14
Sainte-Julienne,14: Lanaudière,11993,Publique relevant directement d'une municipalité ,Gratuite,18200,50369,2090,74,427799.46,1.5175519052780788,4.199866588843492,0.17426832318852664,35.67076294505128,https://www.donneesquebec.ca/recherche/dataset/231a38a8-f28e-4bef-82ea-dc98a14c1b6f/resource/01183d3e-c79c-4d09-915c-f35ffe4dfda8/download/statistiques_bibliotheques_quebec_2024.csv,2026-07-14
Terrebonne,14: Lanaudière,123182,Publique relevant directement d'une municipalité ,Gratuite,511236,728094,38110,497,5621012,4.150249224724392,5.9107174749557565,0.3093796171518566,45.631764381159584,https://www.donneesquebec.ca/recherche/dataset/231a38a8-f28e-4bef-82ea-dc98a14c1b6f/resource/01183d3e-c79c-4d09-915c-f35ffe4dfda8/download/statistiques_bibliotheques_quebec_2024.csv,2026-07-14
Blainville,15: Laurentides,61114,Publique relevant directement d'une municipalité ,Gratuite,319097,492164,41947,451,2997483.61,5.221340445724384,8.053212029976764,0.6863730078214484,49.047413195012595,https://www.donneesquebec.ca/recherche/dataset/231a38a8-f28e-4bef-82ea-dc98a14c1b6f/resource/01183d3e-c79c-4d09-915c-f35ffe4dfda8/download/statistiques_bibliotheques_quebec_2024.csv,2026-07-14
Bois-des-Filion,15: Laurentides,10602,Publique relevant directement d'une municipalité ,Gratuite,40149,75810,3924,90,1026793.87,3.7869269949066213,7.150537634408602,0.3701188455008489,96.84907281644972,https://www.donneesquebec.ca/recherche/dataset/231a38a8-f28e-4bef-82ea-dc98a14c1b6f/resource/01183d3e-c79c-4d09-915c-f35ffe4dfda8/download/statistiques_bibliotheques_quebec_2024.csv,2026-07-14
Boisbriand,15: Laurentides,29229,Publique relevant directement d'une municipalité ,Gratuite,110276,163853,8468,214,1535163.58,3.7728283554004585,5.605836669061548,0.289712272058572,52.52193301173492,https://www.donneesquebec.ca/recherche/dataset/231a38a8-f28e-4bef-82ea-dc98a14c1b6f/resource/01183d3e-c79c-4d09-915c-f35ffe4dfda8/download/statistiques_bibliotheques_quebec_2024.csv,2026-07-14
Brownsburg-Chatham,15: Laurentides,7764,Publique relevant directement d'une municipalité ,Gratuite,9798,22021,1048,39,329413.27,1.2619783616692426,2.8362957238536834,0.1349819680577022,42.428293405461105,https://www.donneesquebec.ca/recherche/dataset/231a38a8-f28e-4bef-82ea-dc98a14c1b6f/resource/01183d3e-c79c-4d09-915c-f35ffe4dfda8/download/statistiques_bibliotheques_quebec_2024.csv,2026-07-14
CRSBP des Laurentides,15: Laurentides,80746,,,150112,376445,18607,1204,1544643.52,1.859064226091695,4.662088524508954,0.23043865950016099,19.129659921234488,https://www.donneesquebec.ca/recherche/dataset/231a38a8-f28e-4bef-82ea-dc98a14c1b6f/resource/01183d3e-c79c-4d09-915c-f35ffe4dfda8/download/statistiques_bibliotheques_quebec_2024.csv,2026-07-14
Deux-Montagnes,15: Laurentides,18347,Publique relevant directement d'une municipalité ,Gratuite,107639,84390,5950,160,1281157.58,5.8668447157573445,4.599662070093204,0.32430370087752763,69.82926800021802,https://www.donneesquebec.ca/recherche/dataset/231a38a8-f28e-4bef-82ea-dc98a14c1b6f/resource/01183d3e-c79c-4d09-915c-f35ffe4dfda8/download/statistiques_bibliotheques_quebec_2024.csv,2026-07-14
Lachute,15: Laurentides,18158,Publique relevant directement d'une municipalité ,Gratuite,78011,70451,2719,225,1098413.36,4.296233065315564,3.879887652825201,0.14974116092080625,60.49197929287367,https://www.donneesquebec.ca/recherche/dataset/231a38a8-f28e-4bef-82ea-dc98a14c1b6f/resource/01183d3e-c79c-4d09-915c-f35ffe4dfda8/download/statistiques_bibliotheques_quebec_2024.csv,2026-07-14
Lorraine,15: Laurentides,9680,Publique relevant directement d'une municipalité ,Gratuite,26942,71303,4877,40,535290.46,2.7832644628099175,7.366012396694215,0.5038223140495868,55.298601239669416,https://www.donneesquebec.ca/recherche/dataset/231a38a8-f28e-4bef-82ea-dc98a14c1b6f/resource/01183d3e-c79c-4d09-915c-f35ffe4dfda8/download/statistiques_bibliotheques_quebec_2024.csv,2026-07-14
Mirabel,15: Laurentides,64973,Publique relevant directement d'une municipalité ,Gratuite,208979,238915,11396,110,2112773.95,3.216397580533452,3.677142813168547,0.17539593369553508,32.51772197682114,https://www.donneesquebec.ca/recherche/dataset/231a38a8-f28e-4bef-82ea-dc98a14c1b6f/resource/01183d3e-c79c-4d09-915c-f35ffe4dfda8/download/statistiques_bibliotheques_quebec_2024.csv,2026-07-14
Mont-Laurier,15: Laurentides,14521,Publique relevant directement d'une municipalité ,Gratuite,24880,66465,2112,64,714506.69,1.713380621169341,4.577164107155155,0.14544452861373183,49.20506094621582,https://www.donneesquebec.ca/recherche/dataset/231a38a8-f28e-4bef-82ea-dc98a14c1b6f/resource/01183d3e-c79c-4d09-915c-f35ffe4dfda8/download/statistiques_bibliotheques_quebec_2024.csv,2026-07-14
Mont-Tremblant,15: Laurentides,11621,Publique relevant directement d'une municipalité ,Gratuite,30940,92150,3046,100,817990.45,2.662421478358145,7.9296101884519405,0.26211169434644177,70.3889897599174,https://www.donneesquebec.ca/recherche/dataset/231a38a8-f28e-4bef-82ea-dc98a14c1b6f/resource/01183d3e-c79c-4d09-915c-f35ffe4dfda8/download/statistiques_bibliotheques_quebec_2024.csv,2026-07-14
Oka,15: Laurentides,6059,Publique relevant directement d'une municipalité ,Gratuite,7999,17860,1014,54,196641.83,1.320184848984981,2.9476811355009076,0.16735434890245915,32.45450239313418,https://www.donneesquebec.ca/recherche/dataset/231a38a8-f28e-4bef-82ea-dc98a14c1b6f/resource/01183d3e-c79c-4d09-915c-f35ffe4dfda8/download/statistiques_bibliotheques_quebec_2024.csv,2026-07-14
Pointe-Calumet,15: Laurentides,6257,Publique relevant directement d'une municipalité ,Gratuite,8284,20179,889,41,253674,1.3239571679718716,3.225027968675084,0.1420808694262426,40.5424324756273,https://www.donneesquebec.ca/recherche/dataset/231a38a8-f28e-4bef-82ea-dc98a14c1b6f/resource/01183d3e-c79c-4d09-915c-f35ffe4dfda8/download/statistiques_bibliotheques_quebec_2024.csv,2026-07-14
Prévost,15: Laurentides,13957,Publique relevant directement d'une municipalité ,Gratuite,38950,77972,6241,133,470348.73,2.7907143368918823,5.586587375510496,0.44715913161854265,33.699844522461845,https://www.donneesquebec.ca/recherche/dataset/231a38a8-f28e-4bef-82ea-dc98a14c1b6f/resource/01183d3e-c79c-4d09-915c-f35ffe4dfda8/download/statistiques_bibliotheques_quebec_2024.csv,2026-07-14
Rosemère,15: Laurentides,14138,Publique relevant directement d'une municipalité ,Gratuite,79687,157366,5303,197,1425837,5.636370066487481,11.130711557504597,0.37508841420285755,100.85139340783704,https://www.donneesquebec.ca/recherche/dataset/231a38a8-f28e-4bef-82ea-dc98a14c1b6f/resource/01183d3e-c79c-4d09-915c-f35ffe4dfda8/download/statistiques_bibliotheques_quebec_2024.csv,2026-07-14
Saint-Colomban,15: Laurentides,18446,Publique relevant directement d'une municipalité ,Gratuite,37752,158642,8292,338,1062453.26,2.046622573999783,8.600346958690231,0.4495283530304673,57.598029925187035,https://www.donneesquebec.ca/recherche/dataset/231a38a8-f28e-4bef-82ea-dc98a14c1b6f/resource/01183d3e-c79c-4d09-915c-f35ffe4dfda8/download/statistiques_bibliotheques_quebec_2024.csv,2026-07-14
Saint-Eustache,15: Laurentides,46398,Publique relevant directement d'une municipalité ,Gratuite,293863,292093,23963,496,2548494.6,6.333527307211518,6.295379111168585,0.5164662269925427,54.926820121556965,https://www.donneesquebec.ca/recherche/dataset/231a38a8-f28e-4bef-82ea-dc98a14c1b6f/resource/01183d3e-c79c-4d09-915c-f35ffe4dfda8/download/statistiques_bibliotheques_quebec_2024.csv,2026-07-14
Saint-Hippolyte,15: Laurentides,11650,Publique relevant directement d'une municipalité ,Gratuite,22703,103167,2862,191,510904.5,1.948755364806867,8.855536480686695,0.24566523605150214,43.854463519313306,https://www.donneesquebec.ca/recherche/dataset/231a38a8-f28e-4bef-82ea-dc98a14c1b6f/resource/01183d3e-c79c-4d09-915c-f35ffe4dfda8/download/statistiques_bibliotheques_quebec_2024.csv,2026-07-14
Saint-Joseph-du-Lac,15: Laurentides,7276,Publique relevant directement d'une municipalité ,Gratuite,15564,31374,1377,16,181061.79,2.1390874106652005,4.311984606926883,0.18925233644859812,24.88479796591534,https://www.donneesquebec.ca/recherche/dataset/231a38a8-f28e-4bef-82ea-dc98a14c1b6f/resource/01183d3e-c79c-4d09-915c-f35ffe4dfda8/download/statistiques_bibliotheques_quebec_2024.csv,2026-07-14
Saint-Jérôme,15: Laurentides,82274,Publique relevant directement d'une municipalité ,Gratuite,257661,355546,13017,277,3742597.71,3.1317427133723896,4.321486739431656,0.15821523202955975,45.48943420764762,https://www.donneesquebec.ca/recherche/dataset/231a38a8-f28e-4bef-82ea-dc98a14c1b6f/resource/01183d3e-c79c-4d09-915c-f35ffe4dfda8/download/statistiques_bibliotheques_quebec_2024.csv,2026-07-14
Saint-Sauveur,15: Laurentides,15496,Publique relevant directement d'une municipalité ,Gratuite,19299,72997,3405,22,541473.81,1.2454181724315954,4.710699535363965,0.2197341249354672,34.94281169334022,https://www.donneesquebec.ca/recherche/dataset/231a38a8-f28e-4bef-82ea-dc98a14c1b6f/resource/01183d3e-c79c-4d09-915c-f35ffe4dfda8/download/statistiques_bibliotheques_quebec_2024.csv,2026-07-14
Sainte-Adèle,15: Laurentides,14763,Publique relevant directement d'une municipalité ,Gratuite,37495,109964,5274,93,625824.34,2.5397954345322766,7.448621553884712,0.3572444625076204,42.39140689561742,https://www.donneesquebec.ca/recherche/dataset/231a38a8-f28e-4bef-82ea-dc98a14c1b6f/resource/01183d3e-c79c-4d09-915c-f35ffe4dfda8/download/statistiques_bibliotheques_quebec_2024.csv,2026-07-14
Sainte-Agathe-des-Monts,15: Laurentides,11726,Publique relevant directement d'une municipalité ,Gratuite,,102237,5773,24,541720,,8.718829950537268,0.4923247484223094,46.19819205185059,https://www.donneesquebec.ca/recherche/dataset/231a38a8-f28e-4bef-82ea-dc98a14c1b6f/resource/01183d3e-c79c-4d09-915c-f35ffe4dfda8/download/statistiques_bibliotheques_quebec_2024.csv,2026-07-14
Sainte-Anne-des-Plaines,15: Laurentides,15887,Publique relevant directement d'une municipalité ,Gratuite,26796,70098,6388,128,771244,1.6866620507333039,4.412286775350916,0.40208975892238935,48.54560332347202,https://www.donneesquebec.ca/recherche/dataset/231a38a8-f28e-4bef-82ea-dc98a14c1b6f/resource/01183d3e-c79c-4d09-915c-f35ffe4dfda8/download/statistiques_bibliotheques_quebec_2024.csv,2026-07-14
Sainte-Marthe-sur-le-Lac,15: Laurentides,21250,Publique relevant directement d'une municipalité ,Gratuite,41140,142864,8296,197,1219851.49,1.936,6.723011764705882,0.3904,57.404776,https://www.donneesquebec.ca/recherche/dataset/231a38a8-f28e-4bef-82ea-dc98a14c1b6f/resource/01183d3e-c79c-4d09-915c-f35ffe4dfda8/download/statistiques_bibliotheques_quebec_2024.csv,2026-07-14
Sainte-Sophie,15: Laurentides,18890,Publique relevant directement d'une municipalité ,Gratuite,12450,23256,2215,21,213343,0.6590788777130757,1.2311275807305453,0.11725780836421387,11.293965060878772,https://www.donneesquebec.ca/recherche/dataset/231a38a8-f28e-4bef-82ea-dc98a14c1b6f/resource/01183d3e-c79c-4d09-915c-f35ffe4dfda8/download/statistiques_bibliotheques_quebec_2024.csv,2026-07-14
Sainte-Thérèse,15: Laurentides,27003,Publique relevant directement d'une municipalité ,Gratuite,284306,163335,10194,314,2236288.8,10.528681998296486,6.048772358626819,0.37751360959893343,82.81630929896677,https://www.donneesquebec.ca/recherche/dataset/231a38a8-f28e-4bef-82ea-dc98a14c1b6f/resource/01183d3e-c79c-4d09-915c-f35ffe4dfda8/download/statistiques_bibliotheques_quebec_2024.csv,2026-07-14
Val-David,15: Laurentides,5733,Publique relevant directement d'une municipalité ,Gratuite,23244,56479,2033,158,256574.05,4.054421768707483,9.851561137275423,0.354613640327926,44.75388976103262,https://www.donneesquebec.ca/recherche/dataset/231a38a8-f28e-4bef-82ea-dc98a14c1b6f/resource/01183d3e-c79c-4d09-915c-f35ffe4dfda8/download/statistiques_bibliotheques_quebec_2024.csv,2026-07-14
Acton Vale,16: Montérégie,7823,Publique relevant directement d'une municipalité ,Gratuite,15579,29919,1142,38,298101.91,1.9914355106736545,3.8244918829093697,0.1459798031445737,38.10583024415185,https://www.donneesquebec.ca/recherche/dataset/231a38a8-f28e-4bef-82ea-dc98a14c1b6f/resource/01183d3e-c79c-4d09-915c-f35ffe4dfda8/download/statistiques_bibliotheques_quebec_2024.csv,2026-07-14
Beauharnois,16: Montérégie,14745,Publique relevant directement d'une municipalité ,Gratuite,25233,62520,2742,31,821699.71,1.7112919633774162,4.240081383519837,0.1859613428280773,55.72734554086131,https://www.donneesquebec.ca/recherche/dataset/231a38a8-f28e-4bef-82ea-dc98a14c1b6f/resource/01183d3e-c79c-4d09-915c-f35ffe4dfda8/download/statistiques_bibliotheques_quebec_2024.csv,2026-07-14
Beloeil,16: Montérégie,24775,Publique relevant directement d'une municipalité ,Gratuite,58705,181374,20507,242,1365268.51,2.3695257315842584,7.320847628657921,0.8277295660948537,55.106700706357216,https://www.donneesquebec.ca/recherche/dataset/231a38a8-f28e-4bef-82ea-dc98a14c1b6f/resource/01183d3e-c79c-4d09-915c-f35ffe4dfda8/download/statistiques_bibliotheques_quebec_2024.csv,2026-07-14
Boucherville,16: Montérégie,41726,Publique relevant directement d'une municipalité ,Gratuite,200545,462481,13564,250,2929790.05,4.806235920049849,11.083760724727988,0.32507309591142214,70.21497507549249,https://www.donneesquebec.ca/recherche/dataset/231a38a8-f28e-4bef-82ea-dc98a14c1b6f/resource/01183d3e-c79c-4d09-915c-f35ffe4dfda8/download/statistiques_bibliotheques_quebec_2024.csv,2026-07-14
Bromont,16: Montérégie,11834,Publique relevant directement d'une municipalité ,Gratuite,11749,75362,4708,218,499221.66,0.9928173060672638,6.368260943045462,0.397836741592023,42.18536927497042,https://www.donneesquebec.ca/recherche/dataset/231a38a8-f28e-4bef-82ea-dc98a14c1b6f/resource/01183d3e-c79c-4d09-915c-f35ffe4dfda8/download/statistiques_bibliotheques_quebec_2024.csv,2026-07-14
Brossard,16: Montérégie,95066,Publique relevant directement d'une municipalité ,Gratuite,728889,506639,35105,809,5222227.01,7.6671891107230765,5.329339616687354,0.3692697704752488,54.932646897944586,https://www.donneesquebec.ca/recherche/dataset/231a38a8-f28e-4bef-82ea-dc98a14c1b6f/resource/01183d3e-c79c-4d09-915c-f35ffe4dfda8/download/statistiques_bibliotheques_quebec_2024.csv,2026-07-14
CRSBP de la Montérégie,16: Montérégie,139302,,,101326,461646,18515,1165,2146255,0.7273836700119165,3.3139940560795966,0.1329126645705015,15.40720879815078,https://www.donneesquebec.ca/recherche/dataset/231a38a8-f28e-4bef-82ea-dc98a14c1b6f/resource/01183d3e-c79c-4d09-915c-f35ffe4dfda8/download/statistiques_bibliotheques_quebec_2024.csv,2026-07-14
Candiac,16: Montérégie,24097,Publique relevant directement d'une municipalité ,Gratuite,75336,208752,11993,81,1109441.11,3.1263642777109184,8.662987093829107,0.49769680873137734,46.040632028883266,https://www.donneesquebec.ca/recherche/dataset/231a38a8-f28e-4bef-82ea-dc98a14c1b6f/resource/01183d3e-c79c-4d09-915c-f35ffe4dfda8/download/statistiques_bibliotheques_quebec_2024.csv,2026-07-14
Chambly,16: Montérégie,31692,Publique relevant directement d'une municipalité ,Gratuite,59080,266939,15894,146,2983231.43,1.8641928562413228,8.422914300138837,0.501514577811435,94.13200271361859,https://www.donneesquebec.ca/recherche/dataset/231a38a8-f28e-4bef-82ea-dc98a14c1b6f/resource/01183d3e-c79c-4d09-915c-f35ffe4dfda8/download/statistiques_bibliotheques_quebec_2024.csv,2026-07-14
Châteauguay,16: Montérégie,52320,Publique relevant directement d'une municipalité ,Gratuite,148326,194970,12189,244,2214385.01,2.8349770642201837,3.7264908256880735,0.23297018348623852,42.32387251529052,https://www.donneesquebec.ca/recherche/dataset/231a38a8-f28e-4bef-82ea-dc98a14c1b6f/resource/01183d3e-c79c-4d09-915c-f35ffe4dfda8/download/statistiques_bibliotheques_quebec_2024.csv,2026-07-14
Contrecoeur,16: Montérégie,10194,Publique relevant directement d'une municipalité ,Gratuite,19665,69498,2726,54,363685.33,1.9290759270158917,6.817539729252501,0.26741220325681775,35.676410633706105,https://www.donneesquebec.ca/recherche/dataset/231a38a8-f28e-4bef-82ea-dc98a14c1b6f/resource/01183d3e-c79c-4d09-915c-f35ffe4dfda8/download/statistiques_bibliotheques_quebec_2024.csv,2026-07-14
Coteau-du-Lac,16: Montérégie,7681,Publique relevant directement d'une municipalité ,Gratuite,85947,56462,1679,30,398454.6,11.18955865121729,7.350865772685848,0.21859132925400337,51.875354771514125,https://www.donneesquebec.ca/recherche/dataset/231a38a8-f28e-4bef-82ea-dc98a14c1b6f/resource/01183d3e-c79c-4d09-915c-f35ffe4dfda8/download/statistiques_bibliotheques_quebec_2024.csv,2026-07-14
Cowansville,16: Montérégie,18382,Publique relevant directement d'une municipalité ,Gratuite,41843,120113,7470,312,936916.27,2.2763029050157764,6.534272658035034,0.4063758024154064,50.96922369709498,https://www.donneesquebec.ca/recherche/dataset/231a38a8-f28e-4bef-82ea-dc98a14c1b6f/resource/01183d3e-c79c-4d09-915c-f35ffe4dfda8/download/statistiques_bibliotheques_quebec_2024.csv,2026-07-14
Delson,16: Montérégie,8557,Publique relevant directement d'une municipalité ,Gratuite,19200,39845,1846,108,350771.74,2.2437770246581747,4.656421643099217,0.2157298118499474,40.992373495383895,https://www.donneesquebec.ca/recherche/dataset/231a38a8-f28e-4bef-82ea-dc98a14c1b6f/resource/01183d3e-c79c-4d09-915c-f35ffe4dfda8/download/statistiques_bibliotheques_quebec_2024.csv,2026-07-14
Farnham,16: Montérégie,10848,Publique relevant directement d'une municipalité ,Gratuite,,46937,2740,27,284400.62,,4.326788348082596,0.2525811209439528,26.216871312684365,https://www.donneesquebec.ca/recherche/dataset/231a38a8-f28e-4bef-82ea-dc98a14c1b6f/resource/01183d3e-c79c-4d09-915c-f35ffe4dfda8/download/statistiques_bibliotheques_quebec_2024.csv,2026-07-14
Granby,16: Montérégie,88623,Publique relevant directement d'une municipalité ,Gratuite,458721,486108,26532,855,2385427.71,5.176094241901087,5.48512237229613,0.2993805219863918,26.91657594529637,https://www.donneesquebec.ca/recherche/dataset/231a38a8-f28e-4bef-82ea-dc98a14c1b6f/resource/01183d3e-c79c-4d09-915c-f35ffe4dfda8/download/statistiques_bibliotheques_quebec_2024.csv,2026-07-14
L'Île-Perrot,16: Montérégie,11678,Publique relevant directement d'une municipalité ,Gratuite,39087,48374,4938,244,412148.52,3.3470628532282927,4.1423188902209285,0.4228463778044186,35.29273163212879,https://www.donneesquebec.ca/recherche/dataset/231a38a8-f28e-4bef-82ea-dc98a14c1b6f/resource/01183d3e-c79c-4d09-915c-f35ffe4dfda8/download/statistiques_bibliotheques_quebec_2024.csv,2026-07-14
La Prairie,16: Montérégie,27015,Publique relevant directement d'une municipalité ,Gratuite,63001,155124,5447,258,930353.13,2.332074773274107,5.742143253747918,0.20162872478252822,34.438390893947805,https://www.donneesquebec.ca/recherche/dataset/231a38a8-f28e-4bef-82ea-dc98a14c1b6f/resource/01183d3e-c79c-4d09-915c-f35ffe4dfda8/download/statistiques_bibliotheques_quebec_2024.csv,2026-07-14
Lac-Brome,16: Montérégie,6984,Publique relevant d'une corporation distincte de la municipalité,Gratuite,11215,20755,1936,70,296468,1.6058132875143185,2.9717926689576175,0.27720504009163804,42.4495990836197,https://www.donneesquebec.ca/recherche/dataset/231a38a8-f28e-4bef-82ea-dc98a14c1b6f/resource/01183d3e-c79c-4d09-915c-f35ffe4dfda8/download/statistiques_bibliotheques_quebec_2024.csv,2026-07-14
Les Coteaux,16: Montérégie,5938,Publique relevant directement d'une municipalité ,Gratuite,18184,23518,876,29,208801.72,3.0623105422701244,3.960592792185921,0.14752441899629504,35.16364432468845,https://www.donneesquebec.ca/recherche/dataset/231a38a8-f28e-4bef-82ea-dc98a14c1b6f/resource/01183d3e-c79c-4d09-915c-f35ffe4dfda8/download/statistiques_bibliotheques_quebec_2024.csv,2026-07-14
Les Cèdres,16: Montérégie,7226,Publique relevant directement d'une municipalité ,Gratuite,22580,36794,1485,93,538921.38,3.1248270135621365,5.09189039579297,0.20550788818156657,74.58087185164683,https://www.donneesquebec.ca/recherche/dataset/231a38a8-f28e-4bef-82ea-dc98a14c1b6f/resource/01183d3e-c79c-4d09-915c-f35ffe4dfda8/download/statistiques_bibliotheques_quebec_2024.csv,2026-07-14
Longueuil,16: Montérégie,273776,Publique relevant directement d'une municipalité ,Gratuite,643260,1292276,68016,1277,10711999.97,2.349585062240664,4.720194611653322,0.24843667816024778,39.12687733767752,https://www.donneesquebec.ca/recherche/dataset/231a38a8-f28e-4bef-82ea-dc98a14c1b6f/resource/01183d3e-c79c-4d09-915c-f35ffe4dfda8/download/statistiques_bibliotheques_quebec_2024.csv,2026-07-14
Marieville,16: Montérégie,11778,Publique relevant directement d'une municipalité ,Gratuite,41699,60240,3632,74,454474.76,3.5404143318050605,5.11462047885889,0.30837154015961965,38.586751570725085,https://www.donneesquebec.ca/recherche/dataset/231a38a8-f28e-4bef-82ea-dc98a14c1b6f/resource/01183d3e-c79c-4d09-915c-f35ffe4dfda8/download/statistiques_bibliotheques_quebec_2024.csv,2026-07-14
McMasterville,16: Montérégie,6097,Publique relevant directement d'une municipalité ,Gratuite,7324,26442,1585,9,140994,1.2012465146793505,4.336886993603412,0.2599639166803346,23.125143513203216,https://www.donneesquebec.ca/recherche/dataset/231a38a8-f28e-4bef-82ea-dc98a14c1b6f/resource/01183d3e-c79c-4d09-915c-f35ffe4dfda8/download/statistiques_bibliotheques_quebec_2024.csv,2026-07-14
Mercier,16: Montérégie,15371,Publique relevant directement d'une municipalité ,Gratuite,,61375,4004,71,539941.23,,3.9929087242209356,0.26049053412269857,35.1272675818099,https://www.donneesquebec.ca/recherche/dataset/231a38a8-f28e-4bef-82ea-dc98a14c1b6f/resource/01183d3e-c79c-4d09-915c-f35ffe4dfda8/download/statistiques_bibliotheques_quebec_2024.csv,2026-07-14
Mont-Saint-Hilaire,16: Montérégie,28443,Publique relevant directement d'une municipalité ,Gratuite,129822,183433,6779,221,1282876.77,4.564286467672186,6.449143901838765,0.2383363217663397,45.10342685370742,https://www.donneesquebec.ca/recherche/dataset/231a38a8-f28e-4bef-82ea-dc98a14c1b6f/resource/01183d3e-c79c-4d09-915c-f35ffe4dfda8/download/statistiques_bibliotheques_quebec_2024.csv,2026-07-14
Notre-Dame-de-l'Île-Perrot,16: Montérégie,13628,Publique relevant directement d'une municipalité ,Gratuite,72566,77221,4548,272,540733.11,5.324772527149985,5.6663486938655705,0.3337246844731435,39.678097299677134,https://www.donneesquebec.ca/recherche/dataset/231a38a8-f28e-4bef-82ea-dc98a14c1b6f/resource/01183d3e-c79c-4d09-915c-f35ffe4dfda8/download/statistiques_bibliotheques_quebec_2024.csv,2026-07-14
Pincourt,16: Montérégie,15095,Publique relevant directement d'une municipalité ,Gratuite,,76180,7535,39,457335.96,,5.046704206690957,0.4991719112288837,30.297181848294137,https://www.donneesquebec.ca/recherche/dataset/231a38a8-f28e-4bef-82ea-dc98a14c1b6f/resource/01183d3e-c79c-4d09-915c-f35ffe4dfda8/download/statistiques_bibliotheques_quebec_2024.csv,2026-07-14
Richelieu,16: Montérégie,5872,Publique relevant directement d'une municipalité ,Gratuite,10466,21330,864,18,174342.52,1.7823569482288828,3.632493188010899,0.14713896457765668,29.690483651226156,https://www.donneesquebec.ca/recherche/dataset/231a38a8-f28e-4bef-82ea-dc98a14c1b6f/resource/01183d3e-c79c-4d09-915c-f35ffe4dfda8/download/statistiques_bibliotheques_quebec_2024.csv,2026-07-14
Rigaud,16: Montérégie,7951,Publique relevant directement d'une municipalité ,Gratuite,14992,42824,1290,39,302885.32,1.885548987548736,5.385989183750471,0.16224374292541818,38.093990692994595,https://www.donneesquebec.ca/recherche/dataset/231a38a8-f28e-4bef-82ea-dc98a14c1b6f/resource/01183d3e-c79c-4d09-915c-f35ffe4dfda8/download/statistiques_bibliotheques_quebec_2024.csv,2026-07-14
Saint-Amable,16: Montérégie,13796,Publique relevant directement d'une municipalité ,Gratuite,,68849,8946,83,598995.39,,4.990504494056248,0.6484488257465932,43.41804798492317,https://www.donneesquebec.ca/recherche/dataset/231a38a8-f28e-4bef-82ea-dc98a14c1b6f/resource/01183d3e-c79c-4d09-915c-f35ffe4dfda8/download/statistiques_bibliotheques_quebec_2024.csv,2026-07-14
Saint-Basile-le-Grand,16: Montérégie,17302,Publique relevant directement d'une municipalité ,Gratuite,52108,167082,4200,83,941148.05,3.0116749508727314,9.656802681770893,0.24274650329441683,54.395332909490236,https://www.donneesquebec.ca/recherche/dataset/231a38a8-f28e-4bef-82ea-dc98a14c1b6f/resource/01183d3e-c79c-4d09-915c-f35ffe4dfda8/download/statistiques_bibliotheques_quebec_2024.csv,2026-07-14
Saint-Bruno-de-Montarville,16: Montérégie,26643,Publique relevant directement d'une municipalité ,Gratuite,122147,232581,7687,403,1930048.75,4.584581315917877,8.729534962279022,0.2885185602221972,72.44111961866156,https://www.donneesquebec.ca/recherche/dataset/231a38a8-f28e-4bef-82ea-dc98a14c1b6f/resource/01183d3e-c79c-4d09-915c-f35ffe4dfda8/download/statistiques_bibliotheques_quebec_2024.csv,2026-07-14
Saint-Constant,16: Montérégie,31311,Publique relevant directement d'une municipalité ,Gratuite,119227,212734,9944,174,907737,3.807831113666124,6.794225671489253,0.3175880680910862,28.990993580530805,https://www.donneesquebec.ca/recherche/dataset/231a38a8-f28e-4bef-82ea-dc98a14c1b6f/resource/01183d3e-c79c-4d09-915c-f35ffe4dfda8/download/statistiques_bibliotheques_quebec_2024.csv,2026-07-14
Saint-Césaire,16: Montérégie,6129,Publique relevant directement d'une municipalité ,Gratuite,3929,8761,974,24,178247.74,0.6410507423723283,1.429433839125469,0.1589166258769783,29.082679066731927,https://www.donneesquebec.ca/recherche/dataset/231a38a8-f28e-4bef-82ea-dc98a14c1b6f/resource/01183d3e-c79c-4d09-915c-f35ffe4dfda8/download/statistiques_bibliotheques_quebec_2024.csv,2026-07-14
Saint-Hyacinthe,16: Montérégie,71005,Publique relevant d'une corporation distincte de la municipalité,Gratuite,924826,421920,23972,919,3761916,13.02480107034716,5.942116752341384,0.33761002746285473,52.98100133793395,https://www.donneesquebec.ca/recherche/dataset/231a38a8-f28e-4bef-82ea-dc98a14c1b6f/resource/01183d3e-c79c-4d09-915c-f35ffe4dfda8/download/statistiques_bibliotheques_quebec_2024.csv,2026-07-14
Saint-Jean-sur-Richelieu,16: Montérégie,99494,Publique relevant directement d'une municipalité ,Gratuite,561835,695986,27898,92,4631374.49,5.646923432568798,6.995255995336402,0.28039881801917704,46.54928427844895,https://www.donneesquebec.ca/recherche/dataset/231a38a8-f28e-4bef-82ea-dc98a14c1b6f/resource/01183d3e-c79c-4d09-915c-f35ffe4dfda8/download/statistiques_bibliotheques_quebec_2024.csv,2026-07-14
Saint-Lambert,16: Montérégie,23270,Publique relevant directement d'une municipalité ,Gratuite,93313,170529,9705,252,1623995.8,4.010012892135797,7.328276751181779,0.41706059303824666,69.78924795874516,https://www.donneesquebec.ca/recherche/dataset/231a38a8-f28e-4bef-82ea-dc98a14c1b6f/resource/01183d3e-c79c-4d09-915c-f35ffe4dfda8/download/statistiques_bibliotheques_quebec_2024.csv,2026-07-14
Saint-Lazare,16: Montérégie,28303,Publique relevant directement d'une municipalité ,Gratuite,80790,122341,11132,83,754038.95,2.854467724269512,4.32254531321768,0.39331519626894673,26.641661661307985,https://www.donneesquebec.ca/recherche/dataset/231a38a8-f28e-4bef-82ea-dc98a14c1b6f/resource/01183d3e-c79c-4d09-915c-f35ffe4dfda8/download/statistiques_bibliotheques_quebec_2024.csv,2026-07-14
Saint-Philippe,16: Montérégie,8290,Publique relevant directement d'une municipalité ,Gratuite,,45753,4488,60,361709.05,,5.519059107358263,0.5413751507840772,43.63197225572979,https://www.donneesquebec.ca/recherche/dataset/231a38a8-f28e-4bef-82ea-dc98a14c1b6f/resource/01183d3e-c79c-4d09-915c-f35ffe4dfda8/download/statistiques_bibliotheques_quebec_2024.csv,2026-07-14
Saint-Pie,16: Montérégie,5965,Publique relevant directement d'une municipalité ,Gratuite,6074,33395,2212,183,164399.44,1.0182732606873428,5.598491198658843,0.3708298407376362,27.560677284157585,https://www.donneesquebec.ca/recherche/dataset/231a38a8-f28e-4bef-82ea-dc98a14c1b6f/resource/01183d3e-c79c-4d09-915c-f35ffe4dfda8/download/statistiques_bibliotheques_quebec_2024.csv,2026-07-14
Saint-Rémi,16: Montérégie,9684,Publique relevant directement d'une municipalité ,Gratuite,,53498,2074,91,487665.43,,5.524370095002065,0.21416769929781082,50.35785109458901,https://www.donneesquebec.ca/recherche/dataset/231a38a8-f28e-4bef-82ea-dc98a14c1b6f/resource/01183d3e-c79c-4d09-915c-f35ffe4dfda8/download/statistiques_bibliotheques_quebec_2024.csv,2026-07-14
Saint-Zotique,16: Montérégie,10245,Publique relevant directement d'une municipalité ,Gratuite,30612,51105,3469,22,506484.3,2.9879941434846264,4.988286969253294,0.3386041971693509,49.437218155197655,https://www.donneesquebec.ca/recherche/dataset/231a38a8-f28e-4bef-82ea-dc98a14c1b6f/resource/01183d3e-c79c-4d09-915c-f35ffe4dfda8/download/statistiques_bibliotheques_quebec_2024.csv,2026-07-14
Sainte-Catherine,16: Montérégie,17579,Publique relevant directement d'une municipalité ,Gratuite,124957,115073,5724,125,1003642.81,7.10831105296092,6.546049263325559,0.32561579156948633,57.093282325502024,https://www.donneesquebec.ca/recherche/dataset/231a38a8-f28e-4bef-82ea-dc98a14c1b6f/resource/01183d3e-c79c-4d09-915c-f35ffe4dfda8/download/statistiques_bibliotheques_quebec_2024.csv,2026-07-14
Sainte-Julie,16: Montérégie,30413,Publique relevant directement d'une municipalité ,Gratuite,257835,408079,12308,405,1917655.1,8.477789103343964,13.417913392299345,0.40469536053661265,63.053796074047284,https://www.donneesquebec.ca/recherche/dataset/231a38a8-f28e-4bef-82ea-dc98a14c1b6f/resource/01183d3e-c79c-4d09-915c-f35ffe4dfda8/download/statistiques_bibliotheques_quebec_2024.csv,2026-07-14
Sainte-Martine,16: Montérégie,5734,Publique relevant directement d'une municipalité ,Gratuite,9410,18735,1735,33,218019.54,1.6410882455528426,3.267352633414719,0.30258109522148585,38.02224276246948,https://www.donneesquebec.ca/recherche/dataset/231a38a8-f28e-4bef-82ea-dc98a14c1b6f/resource/01183d3e-c79c-4d09-915c-f35ffe4dfda8/download/statistiques_bibliotheques_quebec_2024.csv,2026-07-14
Salaberry-de-Valleyfield,16: Montérégie,46652,Autre : Bibliothèque municipale-collégiale,Gratuite,205421,199505,12031,162,1558624.66,4.403262453914087,4.27645117036783,0.2578881934322216,33.40960001714824,https://www.donneesquebec.ca/recherche/dataset/231a38a8-f28e-4bef-82ea-dc98a14c1b6f/resource/01183d3e-c79c-4d09-915c-f35ffe4dfda8/download/statistiques_bibliotheques_quebec_2024.csv,2026-07-14
Sorel-Tracy,16: Montérégie,42411,Publique relevant directement d'une municipalité ,Gratuite,71118,310385,10854,510,1687900.33,1.6768762820966259,7.318502275353092,0.2559241706161137,39.79864492702365,https://www.donneesquebec.ca/recherche/dataset/231a38a8-f28e-4bef-82ea-dc98a14c1b6f/resource/01183d3e-c79c-4d09-915c-f35ffe4dfda8/download/statistiques_bibliotheques_quebec_2024.csv,2026-07-14
Varennes,16: Montérégie,21433,Publique relevant directement d'une municipalité ,Gratuite,100494,194548,11667,400,2128176,4.688750991461765,9.077030746978958,0.5443475015163532,99.2943591657724,https://www.donneesquebec.ca/recherche/dataset/231a38a8-f28e-4bef-82ea-dc98a14c1b6f/resource/01183d3e-c79c-4d09-915c-f35ffe4dfda8/download/statistiques_bibliotheques_quebec_2024.csv,2026-07-14
Vaudreuil-Dorion,16: Montérégie,45442,Publique relevant directement d'une municipalité ,Gratuite,163667,324935,9778,308,2569120.69,3.6016680603846662,7.150543550019806,0.21517538840720038,56.536259187535755,https://www.donneesquebec.ca/recherche/dataset/231a38a8-f28e-4bef-82ea-dc98a14c1b6f/resource/01183d3e-c79c-4d09-915c-f35ffe4dfda8/download/statistiques_bibliotheques_quebec_2024.csv,2026-07-14
Verchères,16: Montérégie,5776,Autre : bibliothèque municipale-scolaire (primaire),Gratuite,19586,26740,1398,35,263818.37,3.3909279778393353,4.629501385041551,0.2420360110803324,45.67492555401662,https://www.donneesquebec.ca/recherche/dataset/231a38a8-f28e-4bef-82ea-dc98a14c1b6f/resource/01183d3e-c79c-4d09-915c-f35ffe4dfda8/download/statistiques_bibliotheques_quebec_2024.csv,2026-07-14
Bécancour,17: Centre-du-Québec,14438,Publique relevant directement d'une municipalité ,Gratuite,43756,130490,3652,32,667463,3.0306136584014407,9.03795539548414,0.2529436210001385,46.22960243801081,https://www.donneesquebec.ca/recherche/dataset/231a38a8-f28e-4bef-82ea-dc98a14c1b6f/resource/01183d3e-c79c-4d09-915c-f35ffe4dfda8/download/statistiques_bibliotheques_quebec_2024.csv,2026-07-14
Drummondville,17: Centre-du-Québec,82790,Publique relevant directement d'une municipalité ,Gratuite,990276,631009,50890,428,3375711.73,11.961299673873656,7.621802150018119,0.6146877642227322,40.77438978137456,https://www.donneesquebec.ca/recherche/dataset/231a38a8-f28e-4bef-82ea-dc98a14c1b6f/resource/01183d3e-c79c-4d09-915c-f35ffe4dfda8/download/statistiques_bibliotheques_quebec_2024.csv,2026-07-14
Nicolet,17: Centre-du-Québec,8726,Publique relevant directement d'une municipalité ,Gratuite,11804,31318,1557,45,318866.06,1.3527389410955764,3.589044235617694,0.17843227137290854,36.542065092826036,https://www.donneesquebec.ca/recherche/dataset/231a38a8-f28e-4bef-82ea-dc98a14c1b6f/resource/01183d3e-c79c-4d09-915c-f35ffe4dfda8/download/statistiques_bibliotheques_quebec_2024.csv,2026-07-14
Plessisville,17: Centre-du-Québec,8468,Publique relevant directement d'une municipalité ,Gratuite,,56763,1811,49,453292.63,,6.703235710911668,0.21386395843174302,53.53006967406708,https://www.donneesquebec.ca/recherche/dataset/231a38a8-f28e-4bef-82ea-dc98a14c1b6f/resource/01183d3e-c79c-4d09-915c-f35ffe4dfda8/download/statistiques_bibliotheques_quebec_2024.csv,2026-07-14
Princeville,17: Centre-du-Québec,6334,Publique relevant directement d'une municipalité ,Gratuite,8275,26241,1276,186,272920.15,1.3064414272181875,4.142879696874013,0.20145247868645405,43.08811967161352,https://www.donneesquebec.ca/recherche/dataset/231a38a8-f28e-4bef-82ea-dc98a14c1b6f/resource/01183d3e-c79c-4d09-915c-f35ffe4dfda8/download/statistiques_bibliotheques_quebec_2024.csv,2026-07-14
Victoriaville,17: Centre-du-Québec,53782,Publique relevant directement d'une municipalité ,Gratuite,153128,349578,9735,154,2351799.78,2.847197947268603,6.499907032092522,0.18100851586032501,43.72838087092335,https://www.donneesquebec.ca/recherche/dataset/231a38a8-f28e-4bef-82ea-dc98a14c1b6f/resource/01183d3e-c79c-4d09-915c-f35ffe4dfda8/download/statistiques_bibliotheques_quebec_2024.csv,2026-07-14
Warwick,17: Centre-du-Québec,4825,Publique relevant directement d'une municipalité ,Gratuite,22929,49833,1615,110,418003.51,4.752124352331606,10.328082901554405,0.33471502590673574,86.6328518134715,https://www.donneesquebec.ca/recherche/dataset/231a38a8-f28e-4bef-82ea-dc98a14c1b6f/resource/01183d3e-c79c-4d09-915c-f35ffe4dfda8/download/statistiques_bibliotheques_quebec_2024.csv,2026-07-14
Bibliothèque et Archives nationales du Québec -  Grande Bibliothèque,,,Autre : Bibliothèque nationale et publique,Gratuite,13623237,5451255,517090,1783,54879378,,,,,https://www.donneesquebec.ca/recherche/dataset/231a38a8-f28e-4bef-82ea-dc98a14c1b6f/resource/01183d3e-c79c-4d09-915c-f35ffe4dfda8/download/statistiques_bibliotheques_quebec_2024.csv,2026-07-14
